Mauerbienen,Hoplitis
Mauerbienen,Osmia
Mauerbienen,Rote Mauerbiene
Mauerbienen,Sandbienen
Mauerbienen,Wildbiene
Tetralonia,Apoidea
Tetralonia,Eucera
Tetralonia,Stechimmen
Kegelbienen,Apoidea
Kegelbienen,Osmia
Kegelbienen,Stechimmen
Kegelbienen,Taillenwespen
Kegelbienen,Wildbiene
Honigbienen,Apinae
Honigbienen,Apoidea
Honigbienen,Hummeln
Honigbienen,Jürgen Tautz
Honigbienen,Körbchensammler
Honigbienen,Prachtbienen
Honigbienen,Stachellose Bienen
Honigbienen,Stechimmen
Honigbienen,Westliche Honigbiene
Kühlgemäßigte Klimazone,Kaltgemäßigte Klimazone
Kühlgemäßigte Klimazone,Subtropen
Kühlgemäßigte Klimazone,Tropen
Megachile pluto,Apoidea
Megachile pluto,Charles Duncan Michener
Megachile pluto,Hautflügler
Megachile pluto,Stechimmen
Stenotritidae,Apoidea
Stenotritidae,Colletidae
Stenotritidae,Halictidae
Stenotritidae,Hautflügler
Stenotritidae,Stechimmen
Stenotritidae,Taillenwespen
Dioxys,Apoidea
Dioxys,Charles Duncan Michener
Dioxys,Hoplitis
Dioxys,Kegelbienen
Dioxys,Osmia
Dioxys,Stechimmen
Melittidae,Andrenidae
Melittidae,Apoidea
Melittidae,Charles Duncan Michener
Melittidae,Colletidae
Melittidae,Halictidae
Melittidae,Hautflügler
Melittidae,Stechimmen
Melittidae,Stenotritidae
Melittidae,Sägehornbienen
Melittidae,Taillenwespen
Stechimmen,Apoidea
Stechimmen,Giftstachel
Stechimmen,Grabwespen
Stechimmen,Hautflügler
Stechimmen,Honigbienen
Stechimmen,Hummeln
Stechimmen,Insekten
Stechimmen,Taillenwespen
Tropen,Insekten
Tropen,Kaltgemäßigte Klimazone
Tropen,Kühlgemäßigte Klimazone
Tropen,Subtropen
Spiralhornbienen,Apoidea
Spiralhornbienen,Halictidae
Spiralhornbienen,Kraftbienen
Spiralhornbienen,Stechimmen
Spiralhornbienen,Taillenwespen
Colletidae,Apoidea
Colletidae,Grabwespen
Colletidae,Hautflügler
Colletidae,Maskenbienen
Colletidae,Seidenbienen
Colletidae,Stechimmen
Colletidae,Taillenwespen
Weltbienentag,Honigbienen
Weltbienentag,Imker
Schlürfbienen,Apoidea
Schlürfbienen,Glanzbienen
Schlürfbienen,Halictidae
Schlürfbienen,Kraftbienen
Schlürfbienen,Stechimmen
Apinae,Apoidea
Apinae,Honigbienen
Apinae,Hummeln
Apinae,Körbchensammler
Apinae,Prachtbienen
Apinae,Stechimmen
Apinae,Taillenwespen
Anthidium,Apoidea
Anthidium,Große Wollbiene
Anthidium,Stechimmen
Stachellose Bienen,Apoidea
Stachellose Bienen,Brut
Stachellose Bienen,Honigbienen
Stachellose Bienen,Hummeln
Stachellose Bienen,Imker
Stachellose Bienen,Körbchensammler
Stachellose Bienen,Melipona
Stachellose Bienen,Prachtbienen
Stachellose Bienen,Stechimmen
Stachellose Bienen,Subtropen
Stachellose Bienen,Taillenwespen
Stachellose Bienen,Trigona (Gattung)
Stachellose Bienen,Tropen
Schmuckbienen,Apinae
Schmuckbienen,Apoidea
Schmuckbienen,Schenkelbienen
Schmuckbienen,Stechimmen
Schmuckbienen,Taillenwespen
Rote Mauerbiene,Apoidea
Rote Mauerbiene,Gemeine Pelzbiene
Rote Mauerbiene,Hummeln
Rote Mauerbiene,Insekten
Rote Mauerbiene,Mauerbienen
Rote Mauerbiene,Osmia
Rote Mauerbiene,Stechimmen
Westliche Honigbiene,Apinae
Westliche Honigbiene,Apoidea
Westliche Honigbiene,Bienenkönigin
Westliche Honigbiene,Giftstachel
Westliche Honigbiene,Honigbienen
Westliche Honigbiene,Hummeln
Westliche Honigbiene,Imker
Westliche Honigbiene,Insekten
Westliche Honigbiene,Jürgen Tautz
Westliche Honigbiene,Randolf Menzel
Westliche Honigbiene,Wildbiene
Maskenbienen,Apoidea
Maskenbienen,Colletidae
Maskenbienen,Crabronidae
Maskenbienen,Grabwespen
Maskenbienen,Seidenbienen
Maskenbienen,Stechimmen
Maskenbienen,Taillenwespen
Wildbiene,Apoidea
Wildbiene,Blutbienen
Wildbiene,Fleckenbienen
Wildbiene,Grabwespen
Wildbiene,Große Wollbiene
Wildbiene,Halictus
Wildbiene,Holzbienen
Wildbiene,Honigbienen
Wildbiene,Hosenbiene
Wildbiene,Hummeln
Wildbiene,Imker
Wildbiene,Kegelbienen
Wildbiene,Lasioglossum
Wildbiene,Maskenbienen
Wildbiene,Rote Mauerbiene
Wildbiene,Sandbienen
Wildbiene,Stachellose Bienen
Wildbiene,Westliche Honigbiene
Sandbienen,Andrenidae
Sandbienen,Apoidea
Sandbienen,Blutbienen
Sandbienen,Stechimmen
Anthophoridae,Hautflügler
Anthophoridae,Holzbienen
Graubienen,Apoidea
Graubienen,Glanzbienen
Graubienen,Halictidae
Graubienen,Stechimmen
Apoidea,Andrenidae
Apoidea,Colletidae
Apoidea,Crabronidae
Apoidea,Grabwespen
Apoidea,Halictidae
Apoidea,Hautflügler
Apoidea,Imker
Apoidea,Insekten
Apoidea,Melittidae
Apoidea,Stechimmen
Apoidea,Stenotritidae
Apoidea,Taillenwespen
Sägehornbienen,Apoidea
Sägehornbienen,Melittidae
Sägehornbienen,Sandbienen
Sägehornbienen,Stechimmen
Sägehornbienen,Taillenwespen
Halictidae,Andrenidae
Halictidae,Apoidea
Halictidae,Blutbienen
Halictidae,Colletidae
Halictidae,Glanzbienen
Halictidae,Graubienen
Halictidae,Halictus
Halictidae,Hautflügler
Halictidae,Honigbienen
Halictidae,Lasioglossum
Halictidae,Schlürfbienen
Halictidae,Spiralhornbienen
Halictidae,Stechimmen
Halictidae,Taillenwespen
Grabwespen,Apoidea
Grabwespen,Crabronidae
Grabwespen,Hautflügler
Grabwespen,Insekten
Grabwespen,Mauerbienen
Grabwespen,Stechimmen
Grabwespen,Taillenwespen
Kaltgemäßigte Klimazone,Kühlgemäßigte Klimazone
Kaltgemäßigte Klimazone,Subtropen
Kaltgemäßigte Klimazone,Tropen
Eucera,Apoidea
Eucera,Hautflügler
Eucera,Kegelbienen
Eucera,Tetralonia
Große Wollbiene,Apoidea
Große Wollbiene,Honigbienen
Große Wollbiene,Hummeln
Große Wollbiene,Stechimmen
Fleckenbienen,Anthophora
Fleckenbienen,Apoidea
Fleckenbienen,Stechimmen
Fleckenbienen,Taillenwespen
Fleckenbienen,Trauerbienen
Körbchensammler,Apinae
Körbchensammler,Apoidea
Körbchensammler,Honigbienen
Körbchensammler,Hummeln
Körbchensammler,Prachtbienen
Körbchensammler,Stachellose Bienen
Körbchensammler,Stechimmen
Halictus,Apoidea
Halictus,Halictidae
Halictus,Lasioglossum
Halictus,Stechimmen
Halictus,Taillenwespen
Kuckuckshummeln,Apinae
Kuckuckshummeln,Apoidea
Kuckuckshummeln,Hummeln
Kuckuckshummeln,Sozialparasitismus
Glanzbienen,Apoidea
Glanzbienen,Halictidae
Glanzbienen,Kraftbienen
Glanzbienen,Lasioglossum
Glanzbienen,Stechimmen
Hosenbiene,Melittidae
Prachtbienen,Apinae
Prachtbienen,Apoidea
Prachtbienen,Holzbienen
Prachtbienen,Honigbienen
Prachtbienen,Hummeln
Prachtbienen,Körbchensammler
Prachtbienen,Stachellose Bienen
Prachtbienen,Stechimmen
Randolf Menzel,Honigbienen
Trigona (Gattung),Apoidea
Trigona (Gattung),Charles Duncan Michener
Trigona (Gattung),Körbchensammler
Trigona (Gattung),Stachellose Bienen
Trigona (Gattung),Stechimmen
Bienen (Begriffsklärung),Biene (Begriffsklärung)
Bienen (Begriffsklärung),Honigbienen
Crabronidae,Apoidea
Crabronidae,Grabwespen
Crabronidae,Hautflügler
Crabronidae,Stechimmen
Crabronidae,Taillenwespen
Melipona,Apoidea
Melipona,Stachellose Bienen
Melipona,Stechimmen
Melipona,Trigona (Gattung)
Lars Chittka,Hummeln
Lars Chittka,Jürgen Tautz
Lars Chittka,Randolf Menzel
Gemeine Pelzbiene,Anthophora
Gemeine Pelzbiene,Apoidea
Gemeine Pelzbiene,Stechimmen
Hoplitis,Apoidea
Hoplitis,Charles Duncan Michener
Hoplitis,Mauerbienen
Hoplitis,Stechimmen
Lasioglossum,Apoidea
Lasioglossum,Blutbienen
Lasioglossum,Halictidae
Lasioglossum,Halictus
Lasioglossum,Stechimmen
Lasioglossum,Taillenwespen
Sozialparasitismus,Hautflügler
Sozialparasitismus,Hummeln
Sozialparasitismus,Tropen
Hummeln,Apinae
Hummeln,Apoidea
Hummeln,Brut
Hummeln,Giftstachel
Hummeln,Große Wollbiene
Hummeln,Hautflügler
Hummeln,Holzbienen
Hummeln,Honigbienen
Hummeln,Insekten
Hummeln,Kuckuckshummeln
Hummeln,Körbchensammler
Hummeln,Nest
Hummeln,Sozialparasitismus
Hummeln,Stechimmen
Hummeln,Tropen
Hummeln,Westliche Honigbiene
Hummeln,Wildbiene
Seidenbienen,Apoidea
Seidenbienen,Blutbienen
Seidenbienen,Colletidae
Seidenbienen,Maskenbienen
Seidenbienen,Stechimmen
Seidenbienen,Taillenwespen
Hautflügler,Apoidea
Hautflügler,Hummeln
Hautflügler,Insekten
Hautflügler,Prachtbienen
Hautflügler,Stechimmen
Hautflügler,Taillenwespen
Hautflügler,Westliche Honigbiene
Bienenkönigin,Giftstachel
Bienenkönigin,Honigbienen
Bienenkönigin,Imker
Bienenkönigin,Westliche Honigbiene
Jürgen Tautz,Randolf Menzel
Schenkelbienen,Apoidea
Schenkelbienen,Halictus
Schenkelbienen,Lasioglossum
Schenkelbienen,Melittidae
Schenkelbienen,Stechimmen
Schenkelbienen,Taillenwespen
Buntbienen,Andrenidae
Buntbienen,Apoidea
Buntbienen,Stechimmen
Buntbienen,Taillenwespen
Buntbienen,Zottelbienen
Blutbienen,Apoidea
Blutbienen,Halictidae
Blutbienen,Halictus
Blutbienen,Lasioglossum
Blutbienen,Stechimmen
Blutbienen,Taillenwespen
Taillenwespen,Apoidea
Taillenwespen,Giftstachel
Taillenwespen,Hautflügler
Taillenwespen,Hummeln
Taillenwespen,Insekten
Taillenwespen,Stechimmen
Osmia,Apoidea
Osmia,Hoplitis
Osmia,Mauerbienen
Osmia,Rote Mauerbiene
Osmia,Stechimmen
Triepeolus,Apoidea
Triepeolus,Stechimmen
Subtropen,Kaltgemäßigte Klimazone
Subtropen,Kühlgemäßigte Klimazone
Subtropen,Tropen
Ackerwinde,Insekten
Ackerwinde,Spiralhornbienen
Kurzhornbienen,Apoidea
Kurzhornbienen,Halictidae
Kurzhornbienen,Stechimmen
Kurzhornbienen,Taillenwespen
Nest,Brut
Nest,Insekten
Zottelbienen,Andrenidae
Zottelbienen,Apoidea
Zottelbienen,Buntbienen
Zottelbienen,Stechimmen
Zottelbienen,Taillenwespen
Andrenidae,Apoidea
Andrenidae,Colletidae
Andrenidae,Grabwespen
Andrenidae,Halictidae
Andrenidae,Hautflügler
Andrenidae,Melittidae
Andrenidae,Stechimmen
Andrenidae,Stenotritidae
Andrenidae,Taillenwespen
Holzbienen,Apoidea
Holzbienen,Halictus
Holzbienen,Lasioglossum
Holzbienen,Stechimmen
Holzbienen,Subtropen
Holzbienen,Taillenwespen
Holzbienen,Tropen
Insekten,Hautflügler
Insekten,Honigbienen
Insekten,Tropen
Insekten,Westliche Honigbiene
Biene (Begriffsklärung),Bienen (Begriffsklärung)
Biene (Begriffsklärung),Honigbienen
Giftstachel,Hautflügler
Giftstachel,Stechimmen
Charles Duncan Michener,Halictidae
Kraftbienen,Apinae
Kraftbienen,Apoidea
Kraftbienen,Glanzbienen
Kraftbienen,Schlürfbienen
Kraftbienen,Spiralhornbienen
Kraftbienen,Stechimmen
Brut,Insekten
Brut,Nest
Trauerbienen,Anthophora
Trauerbienen,Apoidea
Trauerbienen,Fleckenbienen
Trauerbienen,Stechimmen
Trauerbienen,Taillenwespen
Imker,Bienenkönigin
Imker,Honigbienen
Imker,Stachellose Bienen
Imker,Westliche Honigbiene
Anthophora,Apoidea
Anthophora,Fleckenbienen
Anthophora,Kegelbienen
Anthophora,Stechimmen
Anthophora,Taillenwespen
Anthophora,Trauerbienen
Anthophora,Westliche Honigbiene
